<?xml version="1.0" encoding="UTF-8"?>
<!DOCTYPE beans PUBLIC 
"-//SPRING//DTD BEAN//EN" 
"http://www.springframework.org/dtd/spring-beans.dtd">
<beans>
	<bean id="studentOne" class="com.hexaware.trainer.Student">
		<property name="sno" value="1" />
		<property name="firstName" value="Mani" />
		<property name="lastName" value="Roushan" />
	</bean>
	<bean id="studentTwo" class="com.hexaware.trainer.Student">
		<property name="sno" value="2" />
		<property name="firstName" value="Sabari" />
		<property name="lastName" value="Balaji" />
	</bean>
	<bean id="studentThree" class="com.hexaware.trainer.Student">
		<property name="sno" value="3" />
		<property name="firstName" value="Jahnavi" />
		<property name="lastName" value="P" />
	</bean>
	
	<bean id="beanTrainer" class="com.hexaware.trainer.Trainer">
		<property name="trainerName" value="Prasanna P" />
		<property name="location" value="Hyderabad" />
		<property name="studentList">
			<list>
				<ref bean="studentOne" />
				<ref bean="studentTwo" />
				<ref bean="studentThree" /> 
			</list>
		</property>
	</bean>
</beans>