<?xml version="1.0" encoding="UTF-8"?>
<beans xmlns = "http://www.springframework.org/schema/beans"
   xmlns:xsi = "http://www.w3.org/2001/XMLSchema-instance"
   xmlns:context = "http://www.springframework.org/schema/context"
   xsi:schemaLocation = "http://www.springframework.org/schema/beans
   http://www.springframework.org/schema/beans/spring-beans.xsd
   http://www.springframework.org/schema/context
   http://www.springframework.org/schema/context/spring-context.xsd">
   
<context:annotation-config />
   <bean id="jobDetails" class="com.hexaware.auto.JobDetails">
   		<property name="job" value="Software Engineer..." />
   		<property name="company" value="Hexaware" />
   		<property name="location" value="Chennai" />
   </bean>
   
   <bean id="personSunitha" class="com.hexaware.auto.Person">
   	<property name="id" value="3" />
   	<property name="name" value="Sunitha" />
   	<property name="familyDetails">
   		<bean class="com.hexaware.auto.Family">
   			<property name="city" value="Selem" />
   			<property name="state" value="TN" />
   		</bean>
   	</property>
   </bean>
   <bean id="personJahnavi" class="com.hexaware.auto.Person">
   	<property name="id" value="1" />
   	<property name="name" value="Jahnavi" />
   	<property name="familyDetails">
   		<bean class="com.hexaware.auto.Family">
   			<property name="city" value="Hyderabad" />
   			<property name="state" value="TS" />
   		</bean>
   	</property>
   </bean>
   <bean id="personSabari" class="com.hexaware.auto.Person">
   	<property name="id" value="2" />
   	<property name="name" value="Sabari Balaji" />
   	<property name="familyDetails">
   		<bean class="com.hexaware.auto.Family">
   			<property name="city" value="Bangalore" />
   			<property name="state" value="KA" />
   		</bean>
   	</property>
   </bean>
 </beans>