<!DOCTYPE beans PUBLIC
     "-//SPRING//DTD BEAN 2.0//EN"
     "http://www.springframework.org/dtd/spring-beans-2.0.dtd">
<beans>
      <bean id="ds" class="org.springframework.jdbc.datasource.DriverManagerDataSource">
		<property name="driverClassName" value="com.mysql.cj.jdbc.Driver" />
  		<property name="url" value="jdbc:mysql://localhost:3306/soumya"/>
  		<property name="username" value="root" />
  		<property name="password" value="root" />
      </bean>
	<bean id="jdbctemp" class="org.springframework.jdbc.core.JdbcTemplate" scope="prototype">
        <property name="dataSource" ref="ds"/>
    </bean>
    <bean id = "doctorDao" class = "com.hexaware.hospital.DoctorDao">
	    <property name = "jdbcTemplate" ref = "jdbctemp" />
	</bean>
	<bean id = "test" class = "com.hexaware.hospital.PatientTest">
	    <property name = "jdbcTemplate" ref = "jdbctemp" />
	</bean>
	<bean id = "patientDao" class = "com.hexaware.hospital.PatientDao">
	    <property name = "jdbcTemplate" ref = "jdbctemp" />
	</bean>
	
</beans>